cust_id,cust_first_name,cust_last_name,cust_address
ef09289c-cdfb-41ad-aa6a-5716a1b9e962,Tyrone,Adams,"94039 Darius Ports Suite 820, Melissaville, MN 55002"
2c637f6b-5355-4165-bbe8-ae715fa3555e,Edward,Jones,"7036 William Mountains Suite 287, Victoriabury, AR 15912"
1f25bf8b-31d9-4fb7-86a5-8e580d97b00f,Julie,Hansen,"1848 Michael Gateway Apt. 364, West Rachel, CA 56677"
b82f6358-c8a4-42b0-8b78-fb7cb941b05a,Robert,Hays,"945 Tammy Trail, New Daniel, SD 95906"
d42bbf53-55c4-4d4c-b581-ff347c4c28be,Tracy,Foster,"USS Nelson, FPO AE 33615"
5040ce6c-433f-49b3-84b4-68e1bb7c4f84,Ann,Hernandez,"234 Ronald Islands Apt. 310, Scottburgh, TX 15363"
2feb2cc8-c381-4c34-96d8-adfda842f2ae,Crystal,Scott,"46370 Mayer Crescent, Hernandezborough, AR 47793"
f4d4c771-394f-41d7-b500-538cc2c4c8ba,Justin,Lowe,"USS Davidson, FPO AP 31683"
5fe91243-a8af-4f95-a01e-1b55872dd588,Amber,Griffin,"8580 Maria Estates, Patrickton, MI 07547"
6ecd4ec9-3dc2-4b73-8ce1-5a83794f1c8b,Richard,Myers,"7486 Wesley Unions, East Alejandra, AZ 03279"
f72b8636-84e9-4234-9a03-ade6bf6903d0,Eduardo,Flores,"420 Jones Circles, West Danielbury, DE 91389"
c2c97914-cb43-4eb1-aec4-b51cce3779aa,Jennifer,Orr,"046 Daniel Land Suite 270, Jonesbury, DC 77418"
ab1398e5-da15-49af-85a6-21daf8b254d2,Catherine,Flores,"4639 Phillip Divide Apt. 857, New Lindsayfurt, KY 29960"
e4463a82-9d05-497d-a8b5-365de8a70e9d,Edward,Lopez,"353 Keith Street, Perezland, MT 59398"
881ca95a-bf5a-4484-93c3-55c018d793e4,Laura,Smith,"05999 Wendy Springs Apt. 431, Robinsonstad, NV 06605"
41b00e06-7b84-4267-a76c-967d8441e7ae,Christopher,Fox,"368 Nathaniel Parks, Alanborough, ND 25192"
67b721cd-69b8-4082-a1c4-6f8c7e0e4af8,Carlos,Johnson,"5999 Hammond Center Apt. 552, Juliachester, IL 14048"
846315cc-ff1e-467c-b9da-75ae130c8149,Allen,Lara,"7664 Brandon Fort, Greenville, AK 91618"
cc2aeae6-c1cf-4d0c-9de4-7c2e799f7eb6,Jasmine,Austin,"2916 Joseph Port Apt. 140, Ericksonhaven, UT 88325"
4b90f3b1-5ee8-4643-9b2a-00c8257220c7,Dakota,Mcknight,"PSC 2996, Box 6969, APO AP 21455"
357eb09b-ff39-4f78-8492-dc36c76828e1,Amanda,Reynolds,"33878 Harris Brook, Huberfort, NJ 11568"
46d9a976-dad4-4412-bd75-b8b6e4f1f0b6,Sandra,Anderson,"3285 Hartman Spurs Suite 912, North Amanda, CO 08963"
17f39078-a52b-439f-a075-dc18834d6b70,Sonya,Drake,"71833 Patricia Pass Suite 446, Jenniferfurt, MI 97108"
15ea08ca-8054-4afd-8450-dadeda092fb1,James,Pitts,"2872 David Mountain Suite 933, South Justinshire, MO 45656"
8a39a627-41f1-435b-a4de-ceaa04bd9ea5,Jordan,Stein,"407 Leah Tunnel Suite 678, Port Brandytown, MA 46056"
87553d05-e8c4-4aba-80aa-a38e68e80647,Anita,Gregory,"USS Howard, FPO AP 72388"
1e2aa821-08d1-412d-bef2-18b57cd51646,Erin,Fields,"87845 Rachel Locks Apt. 527, Luistown, FL 29166"
9a8982da-8dd4-4948-bde8-f402dcc5f178,Hannah,Stout,"6190 Kenneth Plaza, West Lauraton, NJ 50016"
0b62a5ed-fe00-4f94-aacc-1fdacabf0059,Jennifer,Hudson,"36100 Julia Stream, Clarkstad, FM 80877"
cfbf8927-09bb-45f2-ac94-946df96423e1,Joseph,Mendoza,"12307 Katrina Garden, North Patricia, WA 37252"
09fa8473-0291-4bcd-9181-31b6d81528c3,Heather,Carlson,"2542 Richardson Knoll Suite 303, Adrianaville, VI 09214"
2f77ac22-cab4-4ea6-8a0b-9d6669253f54,Amber,Miller,"3036 Stephanie Underpass Apt. 039, South Mitchell, MA 02305"
757760c9-20e4-4156-bb3b-0e4aa7dd5e19,Kathleen,Williams,"836 Walker Bridge Apt. 852, Hollyburgh, UT 69493"
85d3c846-c510-4b37-b454-62b461946611,Susan,Hernandez,"57926 Ramirez River Suite 162, South Kelly, NV 01328"
992175fb-7e5a-4479-8938-5247bd7a4949,Patricia,Freeman,"28498 Joshua Tunnel, Meyershaven, CO 64759"
fe9cc078-03ed-404f-8c67-0c2a4b821d49,Joseph,Rush,"497 Dennis Roads, Michaelside, ID 83291"
f528d2dd-4e9c-4e42-ba64-e917c254bb66,Brian,Garcia,"3562 Gregory Mews, East Taylor, VA 26232"
61760375-4230-402d-bb3e-f5aee0d8317f,Tammy,Rangel,"649 Frank Manors, South Robertberg, VI 11312"
9d68a7cc-4a5c-40cc-8fb5-73aa99b8754d,Cody,Miller,"582 Brown Flat, Laurenhaven, NC 88106"
e0af3481-efa8-4845-9fa8-4ddd58deec86,Mary,Doyle,"41225 Amber Coves Apt. 208, South Tylertown, WI 28067"
2957de21-41c5-4f7d-91fd-9abd546a1826,Derek,Manning,"857 Medina Harbor, Jonesshire, ID 30860"
ebb8637f-1ec8-44a3-a05f-1042c1a7f676,Brandon,Flores,"606 Murphy Streets, New Daniel, KS 31520"
6cb3bb2f-c015-4e1f-a14a-747b6147c906,Christie,Scott,"587 Duncan Rapid, West Amyburgh, PW 20905"
312d18e2-e5b5-40dd-9126-1037e00078cd,Krista,Williamson,"78614 Brandon Light, New Ryanberg, NJ 62140"
eaca02b1-2ac1-44e5-a9d9-bdb619ed3cc0,Brian,Lane,"36747 Weaver Mews, Chavezchester, OH 94766"
7f7c10e5-27d3-4593-a48c-1efe3066bce2,Diane,Peck,"42569 Charles Pine, New Erica, PR 32219"
0ac10ec8-9984-4524-ac82-66d4d48705af,Ricky,Moses,"62167 Emily Gateway, South Melvinshire, OH 24332"
5ae58635-df6b-4343-8192-ad63a377bf44,Shane,Hubbard,"148 Welch Mill, Richardsonstad, MD 67761"
a886785a-20a1-4ddb-9e55-707879e05245,Daniel,Lambert,"4642 Collins Ports Apt. 075, South Ashleyville, AS 99413"
607d3e7d-721c-4919-89e2-ac3913a7d373,Bryan,Sharp,"5949 Nelson Road, Brianshire, IL 22019"
bb939d61-981b-4f02-8b25-6006dd43908c,Katherine,Adkins,"168 Ashley Grove Apt. 858, Lisachester, NY 03006"
8503d492-ee94-47c0-b121-3c889031cb0c,Mark,Phillips,"626 John Courts, Jimenezborough, MN 65184"
e92bcc5c-ddb8-44be-9274-07074f3e12d3,Heather,Cox,"3766 Alexander Center Apt. 021, East Kylehaven, MN 25430"
ed668f22-35b2-4b9f-a8d1-905cc81ef04c,Stacey,Olson,"92234 Jaclyn Junction, Stephanieberg, AK 72960"
3e6df3c4-1dd5-4dc3-9008-0cda1596c49f,Sara,Garcia,"1813 Martin Harbors Suite 169, Anaside, KY 37694"
f554e890-21aa-403d-a3e1-fbeba281e33b,John,Ward,"0519 Rice Corners Suite 861, Williamstown, LA 06190"
9069d1e2-e959-4a0e-943e-064972091f74,Zachary,Hernandez,"PSC 1100, Box 5594, APO AE 29887"
7286e843-6ef0-4554-bee2-5008d493d564,Connie,York,"59166 Cook Junctions, Tiffanyville, FM 29760"
f6c0ab13-4282-4e14-9f9d-6698e08e8b69,Leslie,Griffin,"7476 Le Crest Suite 685, Phillipsshire, AR 51211"
22d028a7-4eef-4341-a464-4315d4e86a8c,Sharon,Benson,"Unit 5243 Box 3296, DPO AP 67573"
9aabdcb1-7b73-4de7-845c-3ccfe4fc2e64,Mackenzie,Galvan,"0969 Ellis Bridge Suite 837, Larryshire, TX 07847"
d47dfffb-eff8-4352-989a-13c85776e406,Brianna,Hudson,"5408 Kim Mountains, Lake Stephen, NE 09606"
187a68d2-8bdc-4aa2-9d24-396039095a18,Virginia,Daniels,"1255 Beverly Gateway, Brownview, MA 49444"
c68ddbb2-ecfb-437a-ad53-926e021a608c,Sara,Jackson,"59118 Pierce Ferry Apt. 452, South Micheal, CT 89960"
6cda44d1-8718-4fd5-934c-dd3204cf60eb,Roberto,Thompson,"4966 Katie Shoals Suite 879, Matthewburgh, DC 82133"
ead88603-2cdc-4356-8498-371b49fa0c1c,Richard,Armstrong,"07421 Shannon Wells, Heatherville, NC 98444"
7b301bca-73d0-4f31-87ce-bad9d12861d9,Richard,Duke,"433 Holly Spurs Apt. 073, Lake Brianchester, NH 47936"
ca6fdd43-c865-4a75-92f1-9e6a567654ca,Andrea,Hart,"3300 Morgan Prairie, Kramerport, NY 59155"
3fe18da1-31e6-421f-96bd-bdf0d9e7270c,Tracy,Sanders,"0125 James Stream Suite 955, Davidport, AK 39693"
f413491d-6adb-4311-af0c-87042dae6907,William,Singleton,"35117 Anthony Gardens Apt. 249, Lake Dana, UT 83900"
dc91beba-5f12-4a6e-84e3-cd6f07fb9512,Kelsey,Farley,"Unit 4175 Box 9793, DPO AP 68282"
f39c5ae4-88ee-4215-aaa6-1bbbfd22400f,Ashley,Jenkins,"3875 Thomas Lodge, Smithton, FM 45446"
435d085e-4104-4c31-9e1a-06c79a14cd46,Maria,Gilbert,"3408 Daniel Isle Suite 435, Austinmouth, NM 62546"
588cc74d-3fc6-4040-918c-36340aa18e36,Jesse,Allen,"7137 Parker Run Apt. 865, Port Nathanfort, AZ 97356"
63867fd2-bebb-43cb-8662-637736275748,Michael,Alvarez,"686 Mcclure Flat Suite 168, West Jessicamouth, RI 99879"
da5d8214-8da1-4f7e-a811-deb0385a23f9,Joshua,Barker,"477 Rasmussen Loop, Muellermouth, HI 64051"
a1b79dcb-a2ac-453d-8469-7d8192362462,Christopher,Nicholson,"34556 Gray Shore, Muellerbury, FM 28865"
5a02b634-f1d4-4e7b-8fa4-673856a1f7c1,Kimberly,Hansen,"8638 Torres Lights, Port Brian, OH 97654"
10d9f329-ae7a-402c-88d6-4f9d77b3a1e3,Nancy,Oneill,"80364 Harris Heights, Wellsbury, MP 35632"
5801f560-e53c-43da-bd81-4f3c2e2f4602,Michael,James,"718 Alexander Path Suite 328, Clarkberg, MN 70979"
95df2a29-c5df-495a-aab7-4238197e8741,Joseph,Oneill,"189 George Prairie, Lake Michelle, OR 55670"
772a8b82-c0e8-4b2a-b3f0-88466a38bea2,Michael,Wood,"459 Santana Street Apt. 523, Rosehaven, WI 98291"
13d28206-4847-4299-99e9-ce32dca35b19,Frederick,Salinas,"7038 Andrew Meadow, Richardmouth, KY 11332"
51c14e9f-56c9-48c9-94e4-3e878dbf9c48,Melissa,Wood,"74158 Thompson Falls Suite 903, Kingfort, VI 94171"
c620c81c-aef2-45af-9906-0bc7f2f5781e,Pamela,Cisneros,"61710 Tammy Junctions Apt. 828, North Kennethhaven, KS 64391"
34f623a1-0677-445e-b404-753c47b88cf5,Micheal,Buchanan,"46803 Cox Valley Suite 647, East Tracie, WA 78872"
d04f47f3-fb66-4dec-a98b-8933dc19f407,Charles,Morris,"PSC 4757, Box 6673, APO AP 57075"
50dad5df-6d2f-4dae-845d-fab7430031c4,Scott,Alexander,"8756 Harris Roads Suite 858, Torresmouth, SC 96445"
bd50f9b8-ee7d-4dd0-875b-060263cfad6d,Andrea,Johnson,"USS Martin, FPO AE 40352"
2a798e6b-112b-4454-81c1-f1d2cd272537,Gwendolyn,Guerrero,"62793 Owen Gateway Suite 411, Castanedaside, PR 68780"
cc461394-91aa-4e06-96bf-8887626fda8b,Janice,Buckley,"0031 Burton Plains, Cannonberg, KY 56146"
b6b801ff-5f9c-4e37-9247-e0d4b7fec874,Kyle,Porter,"872 Bishop Prairie Apt. 377, South Mark, AK 24430"
c6ee774d-b162-40a8-955e-ef2f204bc597,Anna,Dougherty,"030 Cochran Course, East Bradley, ME 95345"
7d698305-da5d-422f-bd13-8b55a4074026,Jennifer,Hendrix,"006 Gomez Haven Suite 982, Weaverfurt, AL 88856"
d27da38c-c813-4e81-bcb8-2b839ab4e4c8,Kevin,Jones,"3955 Martin Locks, East Elaine, ND 20542"
abc7ab52-651d-4339-b521-555100cc9083,Michael,Swanson,"166 Shannon Ranch Suite 710, Port Tylerburgh, AK 14762"
94585177-4239-42cc-a484-0943a35b559f,Monique,Mckay,"3801 John Run Suite 760, Lake Staceyside, MO 75547"
18e763aa-108a-4021-a60d-c8df7f393f35,Gary,Smith,"265 Karen Ville Suite 950, East Veronica, CO 85207"
57156777-53f2-4f15-9ce4-3194bdd98d6b,Vanessa,Perez,"Unit 4705 Box 9534, DPO AE 53205"
5bdc23a8-1e31-4116-82b1-552e2e292c8b,William,Mathis,"38502 Fischer Square Suite 757, Romerofurt, PR 74437"
